mean_test,std_test,
0.16904765,0.17151117,